Course Name,course_type,thumbnail_pic_link,Course Description
Introduction to Web Development,Web Development|Programming|Frontend,https://th.bing.com/th/id/OIP.AOz9efR3AhPlvgRAOcjrvwHaD4?w=304&h=180&c=7&r=0&o=5&dpr=1.3&pid=1.7,"Dive into the world of web development with this comprehensive course. Learn HTML5 for structuring content, CSS3 for styling and layout, and JavaScript for interactivity. Master responsive design techniques, understand web accessibility principles, and get hands-on experience building modern, user-friendly websites. By the end of this course, you'll have a solid foundation in frontend development and be able to create your own web projects from scratch."
Data Science Fundamentals,Data Science|Programming|Analytics,https://th.bing.com/th/id/OIP.ZmsBZVx2AJUxyR25r5EkmwAAAA?w=141&h=188&c=7&r=0&o=5&dpr=1.3&pid=1.7,"Embark on your data science journey with this in-depth course. Using Python, you'll learn essential skills in data manipulation, analysis, and visualization. Explore statistical concepts, machine learning basics, and data mining techniques. Work with real-world datasets using popular libraries like Pandas, NumPy, and Scikit-learn. Develop critical thinking skills to derive meaningful insights from data and communicate your findings effectively through compelling visualizations and reports."
Environmental Science and Sustainability,Environmental Science|Ecology|Sustainability,https://mybooksfactory.com/wp-content/uploads/2023/02/ESS.webp,"Explore the complex interactions between human activities and the natural world in this comprehensive course. Dive deep into topics such as climate change, biodiversity loss, sustainable resource management, and environmental policy. Learn to conduct environmental impact assessments and explore cutting-edge green technologies. Develop a systems thinking approach to addressing global environmental challenges and gain the knowledge to contribute to a more sustainable future."
Machine Learning for All,Machine Learning|AI|Data Science,https://th.bing.com/th/id/OIP.88mDvoJZw84ZkErWVK2iNAHaJQ?w=127&h=180&c=7&r=0&o=5&dpr=1.3&pid=1.7,"Demystify the world of machine learning in this accessible yet comprehensive course. Explore supervised and unsupervised learning algorithms, neural networks, and deep learning concepts. Learn to preprocess data, select appropriate models, and evaluate their performance. Apply your skills to real-world problems in various domains, from image recognition to natural language processing. By the end of the course, you'll have a strong foundation in ML and be able to implement your own machine learning projects."
Nutrition and Health,Health Science|Nutrition|Wellness,https://th.bing.com/th/id/OIP.aPSwlG_OCT5u8Cap0TLAlwAAAA?w=291&h=194&c=7&r=0&o=5&dpr=1.3&pid=1.7,"Delve into the science of nutrition and its profound impact on human health. Explore macronutrients, micronutrients, and the intricacies of human metabolism. Learn about nutrition's role in disease prevention, sports performance, and overall wellbeing. Develop skills to create balanced meal plans, understand dietary guidelines, and critically evaluate nutrition research and trends. This course will empower you to make informed decisions about your diet and provide evidence-based nutritional advice."
Digital Marketing Mastery,Marketing|Digital Media|Business,https://th.bing.com/th/id/OIP.niZbmlNoR84ipj3RngBNSgHaDt?w=346&h=174&c=7&r=0&o=5&dpr=1.3&pid=1.7,"Master the art and science of digital marketing in this comprehensive course. Cover key areas such as SEO, content marketing, social media strategy, email campaigns, and web analytics. Learn to create and implement comprehensive digital marketing plans, optimize conversion rates, and measure campaign effectiveness using industry-standard tools. Gain hands-on experience with real-world case studies and develop the skills to drive business growth in the digital age."
Cybersecurity Foundations,Security|IT|Risk Management,https://th.bing.com/th/id/OIP.cHQsi382jn6zuvSd5QvvxQHaHI?w=189&h=183&c=7&r=0&o=5&dpr=1.3&pid=1.7,"Build a strong foundation in cybersecurity with this in-depth course. Explore common cyber threats, encryption techniques, network security, and best practices for securing digital assets. Learn about vulnerability assessment, penetration testing, and incident response. Dive into topics such as cloud security, IoT security, and the latest trends in cyber attacks. By the end of this course, you'll have the knowledge to implement robust security measures and protect organizations against cyber threats."
Artificial Intelligence Ethics,AI|Ethics|Philosophy,https://th.bing.com/th/id/OIP.HcvWPRHPRQTCcXdODw11LAHaDg?w=321&h=165&c=7&r=0&o=5&dpr=1.3&pid=1.7,"Explore the critical ethical considerations surrounding artificial intelligence in this thought-provoking course. Examine issues such as algorithmic bias, privacy concerns, AI governance, and the future of work. Analyze case studies of AI applications and their societal impacts. Develop frameworks for responsible AI development and deployment, considering diverse global perspectives. This course will equip you with the knowledge to navigate the complex ethical landscape of AI and contribute to the development of ethical AI systems."
Bioinformatics and Genomic Data Analysis,Bioinformatics|Data Science|Biology,https://th.bing.com/th/id/OIP.W3mcwvULbgDUPV88b1GclQHaEK?w=310&h=180&c=7&r=0&o=5&dpr=1.3&pid=1.7,"Unlock the secrets of genomic data in this cutting-edge bioinformatics course. Learn to analyze and interpret complex biological data using computational methods. Cover topics such as sequence alignment, gene prediction, phylogenetics, and functional genomics. Gain hands-on experience with popular bioinformatics tools and databases. Explore applications in personalized medicine, drug discovery, and biotechnology. By the end of this course, you'll have the skills to contribute to groundbreaking research in genomics and molecular biology."
Renewable Energy Technologies,Energy|Engineering|Sustainability,https://th.bing.com/th/id/OIP.MI7xlmWGtAMszRpRwQxBPgHaEh?w=300&h=183&c=7&r=0&o=5&dpr=1.3&pid=1.7,"Dive into the world of renewable energy in this comprehensive course. Explore solar, wind, hydroelectric, geothermal, and biomass energy systems. Learn about energy storage solutions, smart grids, and energy efficiency strategies. Analyze the economic and policy aspects of transitioning to renewable energy sources. Gain hands-on experience through virtual labs and case studies. This course will prepare you to contribute to the global transition towards sustainable energy systems."
Quantum Computing Fundamentals,Quantum Physics|Computer Science|Mathematics,https://th.bing.com/th/id/OIP.VweJuj7drkYkoR3bnj_v2QHaD3?rs=1&pid=ImgDetMain,"Explore the fascinating world of quantum computing in this cutting-edge course. Learn the principles of quantum mechanics that underpin quantum computation. Understand quantum bits (qubits), quantum gates, and quantum algorithms. Dive into topics such as quantum entanglement, superposition, and quantum error correction. Explore potential applications in cryptography, optimization, and drug discovery. This course will give you a solid foundation in this revolutionary field that's set to transform computing."
Virtual Reality Development,VR|Game Development|Computer Graphics,https://th.bing.com/th/id/OIP.GgC_kBdMSU-JCX3XDY4U6wHaEK?rs=1&pid=ImgDetMain,"Immerse yourself in the world of virtual reality development. Learn to create immersive VR experiences using industry-standard tools and engines. Cover topics such as 3D modeling, spatial audio, user interaction design, and performance optimization for VR. Explore applications of VR in gaming, education, healthcare, and more. By the end of this course, you'll have the skills to develop your own VR applications and contribute to this rapidly evolving field."
Blockchain and Decentralized Systems,Blockchain|Cryptography|Distributed Systems,https://cdn.slidesharecdn.com/ss_thumbnails/blockchain-and-decentralized-systems-nakov-gabrovo-nov-2018-181124123056-thumbnail.jpg?width=640&height=640&fit=bounds,"Delve into the revolutionary technology of blockchain and its applications beyond cryptocurrencies. Understand the fundamentals of distributed ledger technology, consensus mechanisms, and smart contracts. Explore the architecture of popular blockchain platforms. Learn about decentralized applications (DApps) and their potential to disrupt various industries. This course will equip you with the knowledge to leverage blockchain technology for innovative solutions in finance, supply chain, and more."
Neuroscience and Cognitive Psychology,Neuroscience|Psychology|Cognitive Science,https://images.booksense.com/images/620/081/9781914081620.jpg,"Explore the fascinating intersection of neuroscience and cognitive psychology in this interdisciplinary course. Learn about brain structure and function, neural signaling, and cognitive processes such as perception, memory, and decision-making. Dive into topics like neuroplasticity, consciousness, and cognitive disorders. Understand research methods in neuroscience, including brain imaging techniques. This course will give you a deep understanding of the biological basis of human behavior and cognition."
Urban Planning and Sustainable Cities,Urban Studies|Architecture|Sustainability,https://image.isu.pub/141022110521-3deceb94bfcfbc275feab7f216451de0/jpg/page_1.jpg,"Discover the principles and practices of creating sustainable, livable cities in this comprehensive urban planning course. Learn about land use planning, transportation systems, green infrastructure, and smart city technologies. Explore strategies for addressing urban challenges such as affordable housing, climate resilience, and social equity. Analyze case studies of successful urban interventions from around the world. This course will empower you to contribute to the development of sustainable, vibrant urban environments."
Personal Finance Management,Finance|Budgeting|Wealth Management,https://th.bing.com/th/id/OIP.MR8o2Fkof1gLjOQk3SJMLAAAAA?rs=1&pid=ImgDetMain,"Learn how to effectively manage your personal finances by budgeting, saving, and investing wisely. Understand debt management and how to plan for retirement and major life events."
Introduction to Psychology,Social Science|Psychology|Cognitive Science,https://th.bing.com/th/id/OIP.rdCjYb-RFJIRiRj-HQ8FEwHaD4?rs=1&pid=ImgDetMain,"Explore the human mind and behavior, learning about psychological concepts, research methods, mental processes, and emotions in everyday life."
Art History 101,History|Art|Culture,https://m.media-amazon.com/images/I/81Tvqbo-TvL._SL1500_.jpg,"Take a journey through time and explore the evolution of art across different cultures and periods, from ancient civilizations to contemporary works."
Health and Wellness,Health|Wellness|Lifestyle,https://th.bing.com/th/id/R.633dac5a745ebb44d849ce42530433b8?rik=SwkP9x1S3suSrQ&riu=http%3a%2f%2fknowlesti.sg%2fwp-content%2fuploads%2f2018%2f05%2fCourse-Brochure-For-Health-And-Wellness-At-The-Workplace.jpg&ehk=dmrD%2bSqD9GPGFRyqa30S%2fz16cbs9eiBZot4emvq7Oz0%3d&risl=&pid=ImgRaw&r=0,"Understand the fundamentals of healthy living, including nutrition, physical activity, and mental well-being. Learn techniques for managing stress and building a balanced life."
Public Speaking Essentials,Communication|Leadership|Public Speaking,https://m.media-amazon.com/images/I/81SudaIRLvL._SL1500_.jpg,"Develop confidence and skills in public speaking by learning effective communication techniques, presentation skills, and audience engagement strategies."
Introduction to Music Theory,Music|Theory|Creative Arts,https://th.bing.com/th/id/OIP.TZ5VbIJmkaR9lJYY2TO_AgHaHa?rs=1&pid=ImgDetMain,"Learn the basic concepts of music theory, including scales, chords, harmony, and notation, and apply them to various genres and instruments."
Creative Writing Workshop,Writing|Storytelling|Creative Arts,https://d1uvxqwmcz8fl1.cloudfront.net/tes/resources/12878305/d3845c83-5b82-4b3a-a227-e9f064a8a0d2/image?width=500&height=500&version=1689171160773,"Hone your creative writing skills by exploring storytelling techniques, character development, and crafting compelling narratives across genres."
Mindfulness and Meditation,Mental Health|Wellness|Meditation,https://th.bing.com/th/id/OIP.I79j4SlZWAgUgQ89echmjgHaEc?rs=1&pid=ImgDetMain,"Explore the practice of mindfulness and meditation to enhance mental clarity, emotional well-being, and stress management."
Sociology of Everyday Life,Social Science|Sociology|Culture,https://covers.vitalbook.com/vbid/9781478632887/width/200,"Study how societal structures, institutions, and social behavior shape the experiences of individuals and groups in everyday contexts."
Introduction to Philosophy,Philosophy|Ethics|Critical Thinking,https://th.bing.com/th/id/OIP.PWtogrUgCVH23VnRfEb3OQHaFj?rs=1&pid=ImgDetMain,"Examine fundamental philosophical questions about existence, knowledge, ethics, and the human condition, and engage in critical thinking and analysis."